family,level,compression,psnr,msssim,normalized_psnr,normalized_msssim,combined_score
bior1.1,1,74.08148500456123,69.91100285166468,0.9946644598841148,0.778947168945879,0.9917338885941197,0.8853405287699994
bior1.1,2,74.0830444005169,74.46521762874941,0.994693714221716,0.8714502094210476,0.9985558126607922,0.9350030110409199
bior1.1,3,74.08378306175905,77.96890196497256,0.9946999073050116,0.9426153761577224,1.0,0.9713076880788611
bior1.1,4,74.08324958419527,80.79412695798351,0.9946992305611866,1.0,0.9998421876765927,0.9999210938382963
bior1.3,1,74.08193640865366,64.93604302981007,0.9946135554486604,0.6778981556057706,0.9798633004420264,0.8288807280238986
bior1.3,2,74.08394720870176,68.46169558562198,0.9946695841089912,0.7495095303509066,0.9929288249992418,0.8712191776750742
bior1.3,3,74.08476794341526,72.46986514886419,0.994691817114148,0.830921560632287,0.9981134193326003,0.9145174899824436
bior1.3,4,74.08148500456123,74.64402146444745,0.9946937006196612,0.8750819877319682,0.9985526407487711,0.9368173142403697
bior1.3,5,74.08558867812877,76.2263417282117,0.994689332747348,0.9072213229561532,0.9975340809146872,0.9523777019354203
bior1.5,1,74.07963835145583,62.606327079797055,0.994541026455803,0.6305780753355007,0.9629500040738356,0.7967640397046681
bior1.5,2,74.08308543725258,65.76502483405469,0.9946337538865462,0.6947360390049161,0.9845734467253068,0.8396547428651114
bior1.5,3,74.08062323311205,68.68484259422921,0.9946716183026252,0.7540419860604989,0.9934031859195636,0.8737225859900313
bior1.5,4,74.08468586994391,70.90856651984313,0.9946813491741736,0.7992092068362261,0.995672362809184,0.8974407848227051
bior1.5,5,74.08485001688662,72.4049350887739,0.9946829702509408,0.8296027321908158,0.9960503875234167,0.9128265598571162
bior2.2,1,74.05903791014678,55.58350010293874,0.99373738539448,0.48793376014879447,0.7755460583092288,0.6317399092290117
bior2.2,2,74.07278521659805,55.16593950781927,0.9936661560161006,0.4794524683077677,0.7589358237093795,0.6191941460085736
bior2.2,3,74.08123878414719,54.89133368169091,0.993667465015402,0.4738748056167409,0.7592410739583912,0.616557939787566
bior2.2,4,74.09108760070929,54.61921504915705,0.993685843198767,0.4683476616168612,0.7635267485516001,0.6159372050842307
bior2.2,5,74.09753036821031,54.28744558224781,0.9936895412871014,0.46160891829268813,0.7643891190538247,0.6129990186732563
bior2.4,1,74.07397528193263,59.78783748495707,0.9943520267826778,0.573330257691464,0.9188764914118748,0.7461033745516694
bior2.4,2,74.07446772276074,63.194176369906415,0.994559028353142,0.6425181900068369,0.9671479311770487,0.8048330605919427
bior2.4,3,74.0778737718218,66.74360583790586,0.9946469407992689,0.7146125100626605,0.9876485502704319,0.8511305301665462
bior2.4,4,74.08164915150394,68.95946996862826,0.9946650222796756,0.7596200864297322,0.9918650356350619,0.875742561032397
bior2.4,5,74.08382409849473,70.41946928284695,0.994662571001261,0.7892748968125094,0.9912934132165853,0.8902841550145473
bior2.6,1,74.0711847839067,59.10482499389808,0.9942976840024684,0.5594572334275711,0.906204103295866,0.7328306683617185
bior2.6,2,74.07865346979963,62.20984550721147,0.994522993138637,0.6225249305560575,0.9587447500683132,0.7906348403121853
bior2.6,3,74.08542453118608,64.47859801849306,0.9946040156228224,0.6686067505078082,0.9776386741878664,0.8231227123478373
bior2.6,4,74.0855476413931,66.48148501674666,0.9946381787240322,0.7092884368434798,0.9856052904726549,0.8474468636580673
bior2.6,5,74.08255195968879,67.93637508787742,0.9946400260912128,0.7388394707152022,0.9860360846612499,0.862437777688226
bior2.8,1,74.07877658000666,61.097279865684605,0.99446411262243,0.5999270273813372,0.9450141909954677,0.7724706091884024
bior2.8,2,74.08045908616934,64.2114880089053,0.994598941751304,0.663181339270608,0.9764554798631743,0.8198184095668911
bior2.8,3,74.08238781274609,67.72302187844471,0.994661796613086,0.734505941987711,0.9911128308564519,0.8628093864220814
bior2.8,4,74.08132085761852,70.6489296790202,0.9946809333940304,0.7939355870420224,0.9955754055441102,0.8947554962930663
bior2.8,5,74.08312647398824,73.27402703673124,0.994689153127964,0.8472553137166268,0.9974921948253326,0.9223737542709797
bior3.1,1,74.06831221240942,47.19368469809858,0.994100037755216,0.3175238273809964,0.8601142649547473,0.5888190461678718
bior3.1,2,74.06580897153323,47.1506931880773,0.9941823878749828,0.3166506043148386,0.8793177851843784,0.5979841947496085
bior3.1,3,74.06125389387326,47.14744278695501,0.994189264982699,0.3165845837160543,0.8809214826352524,0.5987530331756533
bior3.1,4,74.06416750210622,47.1477508877759,0.9942000837324836,0.3165908417131186,0.8834443457584166,0.6000175937357676
bior3.1,5,74.06371609801377,47.14886651607939,0.9942156805934326,0.3166135018236237,0.8870814337869574,0.6018474678052905
bior3.3,1,74.02501845627188,52.30654496354117,0.9928008022209662,0.42137380882189523,0.5571408638754617,0.48925733634867846
bior3.3,2,74.02440290523674,52.268844162729934,0.9928616314832404,0.4206080481201963,0.5713258580435736,0.495966953081885
bior3.3,3,74.04352602406148,52.63238268883923,0.9930978232795944,0.4279920694369287,0.6264042714351274,0.527198170436028
bior3.3,4,74.05509838352195,52.26449311899556,0.9931421191201693,0.42051967179312993,0.6367337776092178,0.5286267247011739
bior3.3,5,74.06543964091215,51.97177386642856,0.9932131198246028,0.41457409781530385,0.6532906869102552,0.5339323923627795
bior3.5,1,74.02456705217944,52.76718318664005,0.993012315572298,0.43073007291601006,0.6064644220274145,0.5185972474717122
bior3.5,2,74.03146122377291,52.70348566620261,0.9930305676914604,0.4294362792326643,0.6107206992564154,0.5200784892445398
bior3.5,3,74.04762969762902,52.54039815935435,0.9931052302042536,0.42612372350453165,0.6281315188020359,0.5271276211532838
bior3.5,4,74.06141804081597,52.48222471545879,0.9932345447143188,0.4249421322316897,0.6582868339012299,0.5416144830664598
bior3.5,5,74.06465994293431,52.49832842102408,0.9933662051434142,0.42526922302573855,0.6889892022855929,0.5571292126556657
bior3.7,1,74.02768584409077,52.64844589315303,0.9928836652421916,0.42831833758885623,0.5764639894385721,0.5023911635137142
bior3.7,2,74.0423359587269,52.38376996358001,0.992882118912252,0.4229423662250795,0.5761033952055357,0.4995228807153076
bior3.7,3,74.06026901221705,52.42539667215239,0.9930426877571458,0.4237878680945332,0.6135470209088107,0.518667444501672
bior3.7,4,74.06642452256835,52.52784770622676,0.9932238025312392,0.4258688046808773,0.6557818256430263,0.5408253151619518
bior3.7,5,74.07114374717104,52.617617088497184,0.9933939568276172,0.427692157598569,0.6954607172088001,0.5615764374036846
bior3.9,1,74.03228195848641,52.59461270800907,0.9928041519574484,0.4272249035836496,0.5579220009579814,0.4925734522708155
bior3.9,2,74.04713725680091,52.3534049770406,0.9928342173897498,0.42232560708736466,0.5649330671112115,0.4936293370992881
bior3.9,3,74.06314158371433,52.39268770210796,0.9930073959131444,0.4231234990807694,0.6053171890379924,0.5142203440593809
bior3.9,4,74.07327765742615,52.50247624082846,0.9931981949101978,0.4253534715651748,0.6498102925099295,0.5375818820375522
bior3.9,5,74.07212862882724,52.62204986976409,0.9933755671226568,0.4277821941394483,0.6911723558533616,0.559477274996405
bior4.4,1,72.62997462698632,49.87018797071521,0.9922792868116164,0.3718876865043165,0.4355268122884143,0.4037072493963654
bior4.4,2,72.72099410671439,49.87235726057789,0.9924157287498192,0.3719317480863437,0.46734419795669624,0.41963797302151995
bior4.4,3,73.04481498792904,49.90141870137283,0.9928421392366932,0.37252203022403463,0.5667803910551839,0.46965121063960924
bior4.4,4,73.34828164824869,49.8762931740059,0.9934025644931624,0.3720116924844362,0.6974679696559827,0.5347398310702094
bior4.4,5,73.598441588926,49.77018981266233,0.9938476983017804,0.36985657156692897,0.8012703214060365,0.5855634464864827
bior5.5,1,75.20158270482153,49.77212204581066,0.9918513469998368,0.3698958181659315,0.33573399042186175,0.3528149042938966
bior5.5,2,75.09611829413572,49.72590903874858,0.9921788224124336,0.3689571615869198,0.41209915817536374,0.39052815988114176
bior5.5,3,74.84361925952493,49.70505715021518,0.992613891832756,0.36853362796292516,0.5135545590675223,0.4410440935152238
bior5.5,4,74.58631892684012,49.73794838719185,0.9930982928904464,0.3692016990957668,0.6265137816765413,0.49785774038615405
bior5.5,5,74.40592143681101,49.8718563237139,0.9934467137712424,0.371921573295458,0.7077632983954312,0.5398424358454446
bior6.8,1,72.62061825125234,49.8554208457339,0.9922122981568318,0.3715877436982106,0.4199054872562777,0.39574661547724416
bior6.8,2,72.63387311687549,49.8401680222376,0.992282778957299,0.37127793561530276,0.43634115828391584,0.4038095469496093
bior6.8,3,72.9347544628476,49.86994280369318,0.9926546446846648,0.37188270678858676,0.5230578629881891,0.4474702848883879
bior6.8,4,73.24491011108233,49.8700792885446,0.9932308499410591,0.37188547900385405,0.6574252364531987,0.5146553577285264
bior6.8,5,73.53220829754588,49.81284775611908,0.993744396115988,0.3707230193879721,0.7771809136401547,0.5739519665140634
coif1,1,74.04393639141823,54.55331839055184,0.9934352634018369,0.46700920008693786,0.7050931456240858,0.5860511728555118
coif1,2,74.05641155906356,55.39290074776581,0.9936707332974644,0.48406239686684815,0.7600032163921563,0.6220328066295022
coif1,3,74.06207462858676,56.30786576734139,0.9939051539881868,0.5026467303649143,0.814668619299675,0.6586576748322946
coif1,4,74.06478305314134,57.189116104083645,0.9940950053037042,0.5205462672902691,0.8589407295101597,0.6897434984002144
coif1,5,74.07697096363694,58.04678002548383,0.994241754902696,0.5379667281860896,0.8931617956228739,0.7155642619044817
coif2,1,74.04869665275659,55.186983790236205,0.9936047474766916,0.4798799097446494,0.7446157458254135,0.6122478277850314
coif2,2,74.0650292735554,56.672816053668136,0.9939464509655022,0.5100594266824817,0.8242988097783817,0.6671791182304316
coif2,3,74.0738521717256,58.142724826511845,0.994194285824263,0.5399155132670072,0.8820923107143882,0.7110039119906977
coif2,4,74.07844828612126,59.4917289683184,0.994352136113663,0.5673158425967936,0.9189019866970451,0.7431089146469194
coif2,5,74.08435757605851,60.78376646699104,0.994454042689212,0.5935590926157698,0.9426659470972243,0.7681125198564971
coif3,1,74.05608326517815,53.60192779815237,0.9931287949426808,0.44768500771040753,0.6336266648003069,0.5406558362553573
coif3,2,74.06757355116727,54.59130794809873,0.9934635674411212,0.4677808258778593,0.7116934662127674,0.5897371460453134
coif3,3,74.08033597596231,55.54319562991746,0.9937549883174835,0.4871151148978113,0.7796509471540426,0.633383031025927
coif3,4,74.08316751072392,56.48565840749296,0.9939858914382644,0.5062579697537285,0.8334960752917985,0.6698770225227635
coif3,5,74.08817399247633,57.31286108034485,0.9941394191113804,0.5230597162837785,0.8692977448563415,0.69617873057006
coif4,1,74.0681891022024,50.214864847619445,0.9920121333457472,0.3788885989899452,0.3732283359684701,0.3760584674792077
coif4,2,74.11447854004426,49.72765783845283,0.9920242531364832,0.3689926823732118,0.37605459350442805,0.37252363793881993
coif4,3,74.12756925872472,49.472553953881,0.9922067000278838,0.36381113382643326,0.4186000394584518,0.39120558664244254
coif4,4,74.12531223826258,49.29130128644674,0.992453430544612,0.3601296160121514,0.4761360149090857,0.41813281546061853
coif4,5,74.11279603388157,49.16088688502846,0.9926665886234068,0.3574807008328233,0.5258431129660146,0.441661906899419
coif5,1,74.05460594269384,51.17169053089825,0.9922801644952508,0.39832318634260344,0.4357314824877639,0.4170273344151837
coif5,2,74.09379602526386,51.147140644662514,0.9923360393310868,0.3978245407513696,0.44876113615849816,0.4232928384549339
coif5,3,74.110087609327,51.21017114688984,0.9925118748204216,0.39910478627866486,0.48976484551667127,0.4444348158976681
coif5,4,74.11460165025129,51.30101273704935,0.9927428355662368,0.400949917372094,0.5436234114431643,0.4722866644076291
coif5,5,74.1124267032605,51.38524993067197,0.9929345695816432,0.4026609031100516,0.5883345552034107,0.4954977291567312
coif6,1,74.05238995896737,53.604406729592846,0.9931471611893252,0.44773535858461916,0.6379095558267855,0.5428224572057023
coif6,2,74.07348284110454,54.69736041167065,0.9935022075274332,0.46993491298408147,0.7207040867348714,0.5953194998594764
coif6,3,74.08439861279419,55.73267525250903,0.9937996564998512,0.4909637347051159,0.7900672810482557,0.6405155078766858
coif6,4,74.08944613128227,56.6693808349386,0.9940108415760914,0.5099896521565244,0.8393142875524464,0.6746519698544854
coif6,5,74.09137485785901,57.49223153440717,0.9941377658561584,0.5267030034769216,0.8689122163326517,0.6978076099047866
coif7,1,74.05575497129276,54.22197139914622,0.9933445891927366,0.4602790378838853,0.6839485011026909,0.5721137694932881
coif7,2,74.07463186970344,55.90391569511561,0.9937974893898682,0.4944418889795091,0.789561924887067,0.6420019069332881
coif7,3,74.07828413917855,57.43468855547378,0.9941030704152792,0.5255342179079755,0.8608214618481812,0.6931778398780784
coif7,4,74.08246988621744,58.84075934592517,0.994290750500434,0.5540936578128577,0.9045872550513593,0.7293404564321084
coif7,5,74.08415239238013,60.03003297334435,0.9943906663273984,0.5782496170457746,0.9278869856383258,0.7530683013420503
coif8,1,74.06080248978083,54.87038985606206,0.9935303182365178,0.47344940461027135,0.7272593239598351,0.6003543642850532
coif8,2,74.07413942887533,56.94292794132078,0.993999756874936,0.5155458106365454,0.8367294062738259,0.6761376084551856
coif8,3,74.07943316777747,58.82345187752105,0.9942782092701542,0.5537421167616177,0.9016627205143696,0.7277024186379937
coif8,4,74.08324958419527,60.51296306224326,0.9944280269015828,0.5880586628959767,0.9365992321313975,0.7623289475136872
coif8,5,74.08472690667959,62.049175718918,0.994501449799042,0.6192614823751702,0.9537209813245793,0.7864912318498747
coif9,1,74.0253057134216,50.33202828134797,0.992119835926222,0.3812683668276265,0.39834388757651373,0.3898061272020701
coif9,2,74.06942020427266,50.21617017273025,0.9921317380102008,0.3789151121316103,0.40111937729176395,0.3900172447116871
coif9,3,74.100731233593,50.17784259594281,0.9922990520322824,0.37813662065494064,0.44013593509210375,0.4091362778735222
coif9,4,74.1067225970016,50.16332559439305,0.992525740037834,0.3778417582367928,0.4929981253688661,0.43541994180282945
coif9,5,74.097571404946,50.138650688946754,0.9927302522811952,0.3773405733149256,0.5406890700052136,0.45901482166006957
coif10,1,74.04537267716688,52.161445797493705,0.9926090446299776,0.41842662370068895,0.5124242224405037,0.4654254230705963
coif10,2,74.07294936354076,52.76352614186101,0.9928743860971542,0.43065579276503496,0.5743001522766452,0.5024779725208401
coif10,3,74.08283921683852,53.3285391062097,0.9931616885273806,0.44213206686899775,0.641297237970051,0.5417146524195244
coif10,4,74.0962171926687,53.84334053090991,0.9934086875675264,0.45258846810534903,0.6988958313609728,0.575742149733161
coif10,5,74.10011568255787,54.28892768373921,0.9935875702782764,0.4616390220319621,0.7406101332265599,0.601124577629261
coif11,1,74.05390831818735,55.53394584248567,0.9936887425459074,0.48692723762300755,0.7642028577257299,0.6255650476743687
coif11,2,74.07233381250562,58.25403226924544,0.9941916694070444,0.5421763370059711,0.8814821789850373,0.7118292579955042
coif11,3,74.08004871881259,60.72047791687031,0.9944376985928912,0.5922736057426232,0.9388546085682675,0.7655641071554453
coif11,4,74.0813618943542,62.90288291882348,0.9945512425600416,0.6366015762293625,0.9653323341174231,0.8009669551733929
coif11,5,74.08501416382933,64.83367138104248,0.9945975394753224,0.6758188314559509,0.9761284780900413,0.8259736547729961
coif12,1,74.05891479993976,50.297685878198905,0.992046885682551,0.3805708202989699,0.381332358217951,0.3809515892584604
coif12,2,74.09835110292383,50.0392966476472,0.9920689054215946,0.37532254137011084,0.3864672202603442,0.3808948808152275
coif12,3,74.11850014014045,49.911696742660304,0.9922420875397344,0.37273079290119343,0.4268521804586632,0.3997914866799283
coif12,4,74.11226255631779,49.82646998878816,0.9924869100657482,0.3709997076869716,0.4839432247011077,0.42747146619403964
coif12,5,74.10430142959676,49.79259612019571,0.9926899863128724,0.3703116778089728,0.5312993042168763,0.45080549101292455
coif13,1,74.05230788549602,55.3874407181505,0.993664098610972,0.48395149534699855,0.7584560500172529,0.6212037726821258
coif13,2,74.06925605732995,58.36500884691343,0.994209018381968,0.5444304403713791,0.8855278487648935,0.7149791445681364
coif13,3,74.08070530658341,60.99888530051005,0.9944576803158156,0.5979284838583844,0.9435142183112551,0.7707213510848198
coif13,4,74.08365995155202,63.33811290937152,0.9945674025803284,0.6454417604108921,0.969100747294818,0.807271253852855
coif13,5,74.08460379647256,65.3509065692469,0.9946102891826312,0.6863246661369148,0.9791016281342658,0.8327131471355903
coif14,1,74.04397742815391,52.25790939388494,0.9926957892210136,0.42038594630581877,0.5326525052103465,0.4765192257580826
coif14,2,74.06589104500458,53.201935440417245,0.9930609518705792,0.4395605535358912,0.6178060951249543,0.5286833243304228
coif14,3,74.07610919218776,54.0550228574052,0.9934006357530738,0.4568880586547885,0.6970181998266876,0.576953129240738
coif14,4,74.08099256373313,54.84086132192711,0.9936813448683688,0.4728496350952274,0.7624777667280698,0.6176637009116486
coif14,5,74.08645044957795,55.52146571115143,0.993863016665172,0.48667374714211153,0.8048424655887914,0.6457581063654514
coif15,1,74.06740940422458,50.2288693413112,0.992037940193325,0.3791730515926905,0.3792463274532059,0.3792096895229482
coif15,2,74.09551956816223,50.160068291840176,0.992097983320687,0.37777559745943895,0.3932479999973568,0.3855117987283979
coif15,3,74.11464268698697,50.18045831679501,0.9922813306849008,0.37818974993050314,0.43600343044118534,0.4070965901858442
coif15,4,74.12605089950472,50.22348631778525,0.9925116981382738,0.37906371418383455,0.4897236443719841,0.43439367927790934
coif15,5,74.11981331568207,50.28754405835897,0.992694575735918,0.38036482448694403,0.5323695282620641,0.4563671763745041
coif16,1,74.05000982829819,54.09654329618628,0.9933043719646732,0.4577314020228789,0.6745701012305142,0.5661507516266966
coif16,2,74.07561675135965,56.04964822436271,0.9938270789856414,0.49740193867222976,0.7964620290110884,0.6469319838416591
coif16,3,74.0891999108682,57.77865707907167,0.9941495352165568,0.5325207426587751,0.8716567557594321,0.7020887492091037
coif16,4,74.08234677601043,59.24535199268264,0.9943235729351236,0.5623115508659646,0.9122412364946504,0.7372763936803075
coif16,5,74.08333165766663,60.52015964760375,0.9944159525180918,0.5882048365086562,0.9337835632739953,0.7609941998913257
coif17,1,74.04003790152906,52.27404304638711,0.9926708415985072,0.4207136453677801,0.5268348795063227,0.4737742624370514
coif17,2,74.06958435121537,53.01063667157946,0.992979653839827,0.4356749840968541,0.5988479153117304,0.5172614497042922
coif17,3,74.07340076763317,53.69754136717087,0.9932915459640216,0.4496270649645793,0.6715791600676215,0.5606031125161004
coif17,4,74.08800984553362,54.34103682712807,0.9935526541117292,0.46269743812254266,0.732467906930731,0.5975826725266369
coif17,5,74.08755844144119,54.96363037408016,0.9937546122467577,0.47534326158327844,0.7795632498706273,0.6274532557269529
db1,1,74.08148500456123,69.91100285166468,0.9946644598841148,0.778947168945879,0.9917338885941197,0.8853405287699994
db1,2,74.0830444005169,74.46521762874941,0.994693714221716,0.8714502094210476,0.9985558126607922,0.9350030110409199
db1,3,74.08378306175905,77.96890196497256,0.9946999073050116,0.9426153761577224,1.0,0.9713076880788611
db1,4,74.08324958419527,80.79412695798351,0.9946992305611866,1.0,0.9998421876765927,0.9999210938382963
db2,1,74.0691739838586,59.18854340890954,0.9943014035045488,0.5611576819815761,0.9070714673464123,0.7341145746639942
db2,2,74.07717614731531,61.09006953743547,0.9944596195806632,0.5997805746296521,0.9439664424468954,0.7718735085382737
db2,3,74.08476794341526,63.34566609227223,0.9945703392306252,0.6455951770628903,0.9697855553259679,0.807690366194429
db2,4,74.08214159233204,65.50462486670101,0.9946277057981376,0.6894469189482487,0.9831630712646161,0.8363049951064324
db2,5,74.08575282507147,67.49431458486421,0.9946530901431836,0.7298605484192097,0.9890825378663229,0.8594715431427663
db3,1,74.04656274250146,49.46999909773106,0.9919512761839562,0.3637592408057012,0.3590368358117929,0.36139803830874706
db3,2,74.03375928097074,48.60893803911869,0.9922415758458444,0.3462697788775578,0.42673285672244343,0.38650131780000063
db3,3,74.06310054697866,48.202113430627,0.9926427833746022,0.33800655128123197,0.5202918814889274,0.42914921638507963
db3,4,74.07065130634292,47.9551833502356,0.993014234959728,0.33299102515016005,0.6069120108766448,0.4699515180134024
db3,5,74.07024093898617,47.78818413215497,0.993304484669083,0.32959901660740026,0.6745963831766703,0.5020976998920352
db4,1,74.05046123239062,54.099071065737306,0.9932935220726608,0.45778274487352055,0.6720399759393615,0.5649113604064411
db4,2,74.07147204105642,54.63987130994559,0.9934739320137946,0.46876722174331864,0.7141104181439825,0.5914388199436506
db4,3,74.0827161066315,55.36101440895758,0.9937015133495596,0.4834147367467713,0.7671809273020357,0.6252978320244035
db4,4,74.09133382112333,56.06589218179649,0.9938937162308316,0.49773187819540166,0.8120014075776398,0.6548666428865207
db4,5,74.08567075160013,56.69852397195397,0.9940302760080064,0.5105815936689164,0.8438462725390853,0.6772139331040008
db5,1,74.02120203985406,52.58876106369562,0.99276410381025,0.4271060477726551,0.548583029660046,0.4878445387163506
db5,2,74.04557786084524,52.67573055693862,0.9928360114398712,0.4288725306785649,0.5653514281032543,0.4971119793909096
db5,3,74.05735540398409,52.92062973983907,0.9930242853514258,0.43384680618752053,0.6092556978176304,0.5215512520025755
db5,4,74.07450875949641,53.2012813900562,0.9932501589555568,0.43954726877661177,0.6619279749017892,0.5507376218392005
db5,5,74.07775066161477,53.49262443876087,0.9934509678010874,0.44546488995734546,0.708755310895453,0.5771101004263992
db6,1,74.09145693133036,49.62883265122117,0.9919187702312724,0.3669853922602259,0.3514566559442418,0.3592210241022339
db6,2,74.08349580460933,48.9490996940118,0.9920644243273996,0.35317898032519346,0.3854222578089345,0.369300619067064
db6,3,74.09568371510493,48.59778992274386,0.9923448959792504,0.34604334364981404,0.45082644975678654,0.3984348967033003
db6,4,74.09634030287573,48.36011875696532,0.9926537506012032,0.34121588018049875,0.5228493684542352,0.432032624317367
db6,5,74.08324958419527,48.180104168775706,0.992915336985045,0.33755950964189096,0.5838496369192864,0.46070457328058867
db7,1,74.03527764019073,49.19837948341303,0.9919639640764142,0.35824223262603994,0.36199557102892227,0.3601189018274811
db7,2,74.03137915030156,48.463725796760016,0.9923102667861918,0.3433202970041989,0.44275114383958075,0.39303572042188983
db7,3,74.04504438328146,48.097996846814496,0.9927315088232288,0.335891784842239,0.5409820875555321,0.4384369361988856
db7,4,74.05858650605435,47.87460922441566,0.9931093278384184,0.3313544418999637,0.6290870608316229,0.48022075136579334
db7,5,74.06404439189919,47.716781371962114,0.9934152522486784,0.32814871776567844,0.700426672939112,0.5142876953523952
db8,1,74.05879168973273,49.80957690847828,0.991948983040896,0.3706565834892464,0.3585020895446225,0.3645793365169344
db8,2,74.06806599199538,49.171711441792944,0.9920509370928504,0.35770056407193734,0.38227712113832907,0.3699888426051332
db8,3,74.0736880247829,48.84114703967721,0.9923197023090284,0.35098629744963816,0.44495144730220076,0.3979688723759195
db8,4,74.07951524124881,48.62537225183354,0.99265162189111,0.34660358277534237,0.5223529669012867,0.4344782748383146
db8,5,74.07159515126345,48.47005724928651,0.992948546125542,0.3434488984509888,0.5915937956788447,0.46752134706491677
db9,1,74.06740940422458,50.252333849256935,0.9920047886241876,0.379649651497279,0.3715155939657813,0.37558262273153015
db9,2,74.10762540518647,49.716493143377,0.9919869327599734,0.36876591040679324,0.36735172085149403,0.36805881562914367
db9,3,74.13438135684683,49.43715346397892,0.9921416900839524,0.36309209594382635,0.40344013711768495,0.38326611653075565
db9,4,74.1359407528025,49.24612185905802,0.9923724302024176,0.35921195301096576,0.457247254159952,0.4082296035854589
db9,5,74.11115456445455,49.10027935667761,0.9925839013064234,0.3562496695963634,0.5065609605062095,0.43140531505128643
db10,1,74.03330787687831,51.847508337519216,0.992509236017991,0.41205007560444806,0.4891494936993225,0.45059978465188527
db10,2,74.05797095501923,51.85097503634861,0.9925463831325058,0.41212048953919356,0.49781196276526646,0.45496622615223004
db10,3,74.08259299642447,51.98564941599883,0.9927071062347462,0.4148559313664951,0.535291560293304,0.4750737458298996
db10,4,74.09391913547088,52.1348832832692,0.9929163407787598,0.41788709856876166,0.5840837151812662,0.5009854068750139
db10,5,74.09740725800329,52.30285886917022,0.99310260001568,0.42129893862945134,0.6275181756809327,0.524408557155192
db11,1,74.04840939560685,51.898539725097365,0.992492368687694,0.41308660083255055,0.48521614035998845,0.44915137059626953
db11,2,74.08156707803258,51.97177889312869,0.99256384007697,0.4145741999152417,0.5018828103501309,0.4582285051326863
db11,3,74.08883058024713,52.1638407368964,0.99274428391599,0.41847526856865114,0.5439611573245877,0.48121821294661943
db11,4,74.10331654794055,52.36996368902461,0.9929616931532104,0.4226619397549808,0.5946595982849002,0.5086607690199405
db11,5,74.10516320104594,52.53919784169371,0.9931422413333384,0.4260993432241584,0.6367622769371186,0.5314308100806385
db12,1,74.04623444861606,54.14910420569221,0.9933124360263154,0.45879899417156333,0.6764505887309071,0.5676247914512352
db12,2,74.06351091433541,55.4044347485504,0.9936731089217474,0.48429666999484955,0.7605571967519555,0.6224269333734025
db12,3,74.0708564900213,56.60717047767805,0.9939556585081732,0.5087260650229964,0.8264459497272996,0.6675860073751481
db12,4,74.0758629717737,57.71353683952592,0.9941536111859192,0.531198051382825,0.8726072456959025,0.7019026485393638
db12,5,74.08119774741151,58.69927764343464,0.9942733834003248,0.5512199488877035,0.9005373585943475,0.7258786537410256
db13,1,74.03273336257885,52.2038087296706,0.9926277110166432,0.41928707939318804,0.5167771041966204,0.46803209179490424
db13,2,74.05821717543327,52.70811216291008,0.9928459134830636,0.4295302504292673,0.56766052112338,0.4985953857763236
db13,3,74.07545260441695,53.20289846308923,0.993103697391216,0.43958011399352553,0.6277740766239392,0.5336770953087324
db13,4,74.0827161066315,53.700757942098086,0.9933648773554532,0.4496923985018075,0.6886795706415537,0.5691859845716806
db13,5,74.08546556792174,54.1531865386435,0.9935744993069676,0.458881912573244,0.7375620664762065,0.5982219895247253
db14,1,74.04639859555876,52.399708676297,0.9926992390909856,0.42326610576301277,0.5334569927810134,0.47836154927201313
db14,2,74.06039212242406,52.78741311761977,0.992871818391572,0.43114097363453635,0.5737013797887562,0.5024211767116463
db14,3,74.08127982088286,53.21215982037809,0.9930952903716872,0.4397682262697531,0.6258136135420564,0.5327909199059048
db14,4,74.08452172300122,53.62640435832618,0.9933143622895546,0.44818216393761123,0.6768997809747955,0.5625409724562034
db14,5,74.09170315174441,53.972323216748535,0.993499887085098,0.45520830296003356,0.7201629744516902,0.5876856387058619
db15,1,74.0525130691744,49.57715359761589,0.9919411330032644,0.36593571194839236,0.35667151107201456,0.36130361151020346
db15,2,74.03823228515935,49.011076994601446,0.9920813405249234,0.35443783372267323,0.38936700667239577,0.3719024201975345
db15,3,74.06777873484565,48.70473017417753,0.9923586610128226,0.34821546308005435,0.45403636737941977,0.40112591522973706
db15,4,74.0738521717256,48.49874725954434,0.992682019337146,0.344031636268596,0.5294414565298837,0.43673654639923987
db15,5,74.07196448188454,48.3503209127653,0.9929832314105717,0.34101687103776696,0.5996821818842918,0.47034952646102934
db16,1,74.04176144442744,53.11557343694826,0.9929560398857308,0.4378064096728031,0.5933412925348264,0.5155738511038147
db16,2,74.05505734678627,53.95440304730288,0.9932570225055614,0.45484431701718914,0.6635285107811912,0.5591864138991902
db16,3,74.0780379187645,54.77393175893699,0.9935416162380756,0.47149019370361533,0.7298939455254514,0.6006920696145334
db16,4,74.08895369045416,55.49498207012569,0.9937582323355264,0.4861358240450146,0.7804074313739534,0.633271627709484
db16,5,74.08591697201418,56.16039565324508,0.9939269658708202,0.49965138767669337,0.8197550105591299,0.6597031991179116
db17,1,74.03790399127395,48.84011554444972,0.9920557938679532,0.3509653462100835,0.38340968997005304,0.3671875180900683
db17,2,74.03880679945881,48.24021309980075,0.9924802455427792,0.33878041360705,0.4823891006510483,0.4105847571290492
db17,3,74.05337484062358,47.93609241319098,0.9928972266874408,0.33260325913371447,0.5796264315688819,0.4561148453512982
db17,4,74.05768369786949,47.74301513514447,0.9932483660032536,0.32868156546308697,0.6615098699139347,0.4950957176885108
db17,5,74.0636750612781,47.614016878871965,0.9934949413682702,0.3260614143491687,0.7190096649796388,0.5225355396644038
db18,1,74.06847635935213,49.69236862021271,0.991912502703526,0.36827590458758175,0.3499951086361418,0.3591355066118618
db18,2,74.08731222102715,49.20896079724263,0.9919977646283258,0.3584571552305656,0.3698776431406025,0.36416739918558405
db18,3,74.09695585391086,48.93176490210247,0.9922174039725882,0.3528268842919353,0.4210961307725802,0.3869615075322578
db18,4,74.10811784601458,48.74107954507633,0.9924925384811224,0.34895377418132645,0.4852557350994608,0.41710475464039365
db18,5,74.09658652328979,48.59588602876631,0.9927336867766506,0.34600467266254487,0.5414899723371673,0.4437473224998561
db19,1,74.06806599199538,49.510455606359656,0.9919152119740906,0.3645809741314954,0.350626893170778,0.3576039336511367
db19,2,74.0626901796219,49.003491492760055,0.9920463749350588,0.35428376062375194,0.3812132551756451,0.3677485078996985
db19,3,74.08316751072392,48.71439040421235,0.9922935460591658,0.34841167706943565,0.4388519774436019,0.3936318272565188
db19,4,74.08062323311205,48.51187276337102,0.9925881537539104,0.34429823524803926,0.5075526040104801,0.42592541962925967
db19,5,74.07668370648722,48.35559553656003,0.9928493092476044,0.3411240066829347,0.568452391654214,0.4547881991685744
db20,1,74.04639859555876,50.8774302026882,0.9921541146613478,0.3923463107706361,0.406337468949556,0.39934188986009606
db20,2,74.07155411452779,50.82007887749084,0.9922028182004952,0.3911814179810536,0.41769482218619,0.4044381200836218
db20,3,74.10077227032868,50.853526609139166,0.992365744497744,0.39186079236849697,0.45568819067208355,0.42377449152029023
db20,4,74.11115456445455,50.91055452742668,0.992601496595684,0.39301911627102964,0.5106640692110794,0.4518415927410545
db20,5,74.10922583787782,50.963469854552685,0.9928203121407264,0.39409390718153353,0.561690452143874,0.4778921796627038
db21,1,74.05624741212085,49.49461237340179,0.9919669382821226,0.3642591739329336,0.36268913674139236,0.363474155337163
db21,2,74.0531696569452,49.0581218082434,0.9921066580165948,0.35539338556058064,0.39527088349556533,0.375332134528073
db21,3,74.07442668602506,48.81507978788129,0.9923637378209328,0.35045683185216847,0.45522024649851567,0.40283853917534207
db21,4,74.08160811476826,48.64622040353287,0.992677032565027,0.3470270404985441,0.5282785732270147,0.4376528068627794
db21,5,74.07668370648722,48.515039982864735,0.992933625452088,0.34436256630122003,0.5881143902411244,0.46623847827117226
db22,1,74.06539860417647,50.35028301019705,0.9920017018309664,0.38163914818165634,0.37079577356677174,0.37621746087421404
db22,2,74.10996449911997,50.04186382940534,0.9920081046624848,0.3753746847427236,0.37228887284749246,0.37383177879510804
db22,3,74.1361048997452,49.887688091573246,0.9921534431016878,0.3722431406204018,0.4061808655402034,0.38921200308030257
db22,4,74.12531223826258,49.78956224481333,0.992382466667937,0.37025005517784326,0.4595876936053402,0.4149188743915917
db22,5,74.1187463605545,49.7105142620047,0.9925944504502494,0.3686444702172877,0.5090209532474742,0.4388327117323809
db23,1,74.04102278318528,54.58905094956289,0.99342780378251,0.46773498279905595,0.7033536101983539,0.5855442964987049
db23,2,74.05944827750353,56.50169072880008,0.9939040999681158,0.5065836106247399,0.8144228285732835,0.6605032195990117
db23,3,74.0738521717256,58.22249493291413,0.9941933840531408,0.5415357656579062,0.8818820234672664,0.7117088945625862
db23,4,74.07639644933748,59.80512467933043,0.9943675076587508,0.5736813869462517,0.9224865325105813,0.7480839597284166
db23,5,74.07824310244287,61.19803800277048,0.9944658476809448,0.601973578650714,0.94541879552287,0.773696187086792
db24,1,74.05809406522626,50.42099035495704,0.99203140310018,0.38307532207647027,0.3777219192215126,0.38039862064899144
db24,2,74.09531438448384,49.94062100486254,0.9920008917117008,0.3733182887326748,0.3706068589452915,0.3719625738389831
db24,3,74.1194029483253,49.697381826521024,0.9921437857636723,0.3683777304453304,0.40392883619925873,0.3861532833222946
db24,4,74.12055197692422,49.53812307343999,0.9923805275324384,0.3651429425393217,0.45913549963307815,0.41213922108619994
db24,5,74.113247437974,49.40884533647388,0.9925997444395148,0.3625171147467271,0.510255477620258,0.43638629618349256
db25,1,74.0312970768302,51.6041079003116,0.992391942062541,0.4071062419038551,0.4617972949086295,0.4344517684062423
db25,2,74.03618044837557,51.7773451845055,0.992490796317688,0.41062495507307784,0.48484947375034976,0.44773721441171377
db25,3,74.08041804943367,52.00365436642178,0.992673691030642,0.4152216393401523,0.5274993488209826,0.47136049408056746
db25,4,74.0903899762028,52.22185699531941,0.9929031599628766,0.4196536671650734,0.5810100333800388,0.5003318502725561
db25,5,74.09958220499408,52.448630886939,0.9931286723224702,0.424259790394208,0.6335980705529338,0.5289289304735709
db26,1,74.04258217914095,52.36525253394738,0.9926693001549928,0.42256624901791084,0.5264754247563457,0.47452083688712826
db26,2,74.05362106103763,52.96231996398139,0.9929213025790264,0.4346935981549658,0.5852407752082096,0.5099671866815877
db26,3,74.06277225309324,53.54948365599776,0.9931959120752902,0.4466197872845236,0.6492779500379059,0.5479488686612147
db26,4,74.08095152699745,54.09041936735571,0.9934488107971532,0.45760701569851575,0.7082523114000792,0.5829296635492974
db26,5,74.09190833542279,54.59661498369883,0.9936612843870118,0.4678886198561734,0.7577997910232952,0.6128442054397343
db27,1,74.06556275111917,49.617533423461175,0.9919056772758256,0.36675588773003126,0.34840346263376587,0.3575796751818986
db27,2,74.0830444005169,49.092701388903485,0.9920184451649836,0.35609574952582645,0.37470021176822527,0.3653979806470259
db27,3,74.09625822940438,48.80212817460385,0.9922629928410408,0.35019376485470277,0.4317271627620371,0.3909604638083699
db27,4,74.1013878213638,48.599306985362645,0.9925591024998586,0.34607415750284864,0.5007780377261722,0.42342609761451044
db27,5,74.09174418848009,48.44546647290031,0.9928327383067096,0.34294942231850284,0.5645881544242184,0.4537687883713606
db28,1,74.04754762415767,49.51231936345147,0.9919062396499144,0.36461882987746663,0.3485346046675904,0.3565767172725285
db28,2,74.06486512661269,49.10463434675352,0.9920346836612643,0.3563381260796386,0.3784869250445289,0.36741252556208376
db28,3,74.08423446585148,48.87303165164324,0.9922715584988694,0.3516339224949191,0.43372461927888517,0.39267927088690213
db28,4,74.08427550258716,48.705461502600926,0.9925622423758916,0.3482303174745135,0.5015102366967417,0.4248702770856276
db28,5,74.08677874346337,48.57054489195672,0.99281808221139,0.3454899555666848,0.5611704469120224,0.45333020123935364
db29,1,74.04779384457171,50.2617406468771,0.9920012445207188,0.3798407178882139,0.37068913174748724,0.37526492481785056
db29,2,74.08423446585148,49.993821453145294,0.992022507166103,0.3743988708882548,0.37564744439993514,0.375023157644095
db29,3,74.11435542983723,49.86399296186193,0.9921828115237132,0.3717618564364018,0.41302939336352945,0.3923956248999656
db29,4,74.10815888275025,49.78719676952324,0.9924346067751804,0.37020200877089665,0.47174643250043763,0.42097422063566714
db29,5,74.09835110292383,49.722347056819565,0.992663596180424,0.36888481230725706,0.525145294438003,0.44701505337263003
db30,1,74.0496815344128,50.14527832267884,0.992008070867302,0.37747519065323354,0.3722809920274317,0.3748780913403326
db30,2,74.06954331447969,49.87518281885691,0.9920349846963614,0.3719891394797326,0.3785571245001318,0.3752731319899322
db30,3,74.10495801736758,49.74007048568569,0.9922055413424324,0.3692448021491967,0.418329841436056,0.3937873217926263
db30,4,74.09178522521576,49.659476181045534,0.9924650982441602,0.3676078090364194,0.47885684767704684,0.4232323283567331
db30,5,74.0908824170309,49.59543074901328,0.9927039012984228,0.3663069487385391,0.5345441896799253,0.4504255692092322
db31,1,74.03437483200587,50.4861884810815,0.9920452880013342,0.38439959534749424,0.3809597891961495,0.38267969227182186
db31,2,74.07348284110454,50.33594377136441,0.9920724638427167,0.381347896395115,0.3872970212636368,0.3843224588293759
db31,3,74.10984138891294,50.28607044064084,0.9922264294525514,0.38033489306603024,0.4232008148646723,0.4017678539653513
db31,4,74.10750229497944,50.26227470769425,0.9924712058989548,0.3798515654770526,0.48028111363726167,0.4300663395571571
db31,5,74.09244181298656,50.25474641255632,0.9926925722326768,0.3796986543334331,0.5319023241446752,0.45580048923905414
db32,1,74.05948931423922,50.43288920155781,0.9920091619393352,0.38331700577884137,0.37253542303397097,0.37792621440640617
db32,2,74.09223662930819,50.294712849355015,0.992045474265672,0.38051043355373687,0.38100322484615157,0.38075682919994425
db32,3,74.11919776464694,50.24404549086909,0.9921959445619544,0.3794813023110963,0.41609193372478676,0.3977866180179415
db32,4,74.12285003412205,50.22172431337353,0.9924221755018032,0.37902792518981626,0.46884753920855177,0.423937732199184
db32,5,74.11082627056915,50.19777118915215,0.9926248453765482,0.37854140074426185,0.5161088552895033,0.4473251280168826
db33,1,74.04873768949226,50.62936166217306,0.992091206356263,0.3873076607800054,0.3916676553205085,0.389487658050257
db33,2,74.07541156768127,50.59475492891991,0.9921450515204489,0.38660474530422745,0.40422400256856345,0.39541437393639545
db33,3,74.10130574789245,50.633692599126526,0.9923171875507012,0.38739562870771876,0.44436502177487147,0.41588032524129515
db33,4,74.10602497249513,50.694279649360766,0.9925676416689642,0.38862624400243184,0.5027693172425582,0.44569778062249504
db33,5,74.10561460513837,50.73119650425713,0.9927937717848764,0.389376081568257,0.5555014112303782,0.4724387463993176
db34,1,74.04976360788415,50.455027877240525,0.9920188922317766,0.3837666760102606,0.37480446487955366,0.3792855704449071
db34,2,74.0853834944504,50.18922719239053,0.9920275058523328,0.3783678591532424,0.37681310599712503,0.3775904825751837
db34,3,74.12354765862852,50.0688144232504,0.9921746130246588,0.3759220923629843,0.4111175559200606,0.3935198241415224
db34,4,74.11886947076152,50.01118785538174,0.9924275869666936,0.3747516089754151,0.4701094581443025,0.4224305335598588
db34,5,74.114765797194,49.984326260894576,0.992654895594116,0.37420600906770407,0.5231163734643837,0.44866119126604387
db35,1,74.04024308520745,48.96370026003605,0.9920078891863532,0.35347554006512866,0.37223862519437445,0.3628570826297516
db35,2,74.0528413630598,48.45812956534111,0.9923305899367352,0.3432066290182146,0.4474903723154388,0.3953485006668267
db35,3,74.07245692271265,48.18108205162162,0.9926727655914004,0.3375793719322974,0.5272835423200671,0.43243145712618225
db35,4,74.07623230239479,47.999287799119735,0.9929903970928582,0.33388685370018634,0.6013531730757843,0.4676200133879853
db35,5,74.07344180436885,47.86284064437467,0.9932492211838826,0.33111540410988316,0.6617092925566106,0.4964123483332469
db36,1,74.04545475063823,49.07423276265872,0.9919717782853802,0.35572062358981726,0.3638177944863049,0.3597692090380611
db36,2,74.04951738747009,48.57388959307759,0.992255557594696,0.3455578915421065,0.42999331095951754,0.387775601250812
db36,3,74.05460594269384,48.29106853516823,0.992596285368849,0.3398133649776904,0.5094488445067378,0.4246311047422141
db36,4,74.06864050629483,48.09540239728905,0.9929297860978284,0.33583908761972975,0.5872190774304065,0.4615290825250681
db36,5,74.07327765742615,47.949260754436935,0.9931916385555004,0.3328707282064062,0.6482813926076556,0.4905760604070309
db37,1,74.05764266113381,50.335938212811975,0.992004916898847,0.3813477834924465,0.3715455067943545,0.37644664514340054
db37,2,74.09580682531195,50.12319793454655,0.992019827777716,0.3770267043307646,0.3750226281976351,0.37602466626419984
db37,3,74.12683059748257,50.02098336973376,0.992157403179623,0.37495057079538446,0.4071043303384761,0.3910274505669303
db37,4,74.13224744659172,49.96295708806399,0.9923844461614088,0.3737719686115501,0.46004929879836093,0.4169106337049555
db37,5,74.10893858072808,49.916337746985015,0.9925790725992945,0.37282505876960487,0.5054349369461238,0.43912999785786433
db38,1,74.06355195107108,49.24898254264592,0.9919734523525026,0.3592700578528914,0.3642081762118112,0.3617391170323513
db38,2,74.07048715940022,48.81540242222847,0.99216591888183,0.3504633850472937,0.40909013752449963,0.37977676128589666
db38,3,74.0927290701363,48.56613086886252,0.992437403346164,0.3454003000328713,0.4723985749333902,0.40889943748313073
db38,4,74.0885433230974,48.38309745448604,0.9927417271528854,0.34168261253522236,0.5433649365523536,0.442523774543788
db38,5,74.08846124962605,48.24492749495327,0.9929913822238012,0.3388761701549853,0.6015828992989779,0.4702295347269816
dmey,1,74.72674663632137,42.62699781166087,0.9924343355555584,0.22476745936359296,0.4716831858225678,0.34822532259308037
dmey,2,74.670280088032,36.33955362218837,0.9920858301884218,0.09705988894539684,0.3904139674304411,0.24373692818791898
dmey,3,74.56555433858836,35.20940787175875,0.9920827014260762,0.07410490697554106,0.3896843601005861,0.23189463353806358
dmey,4,74.74681360006664,33.417886730778875,0.9916811549834446,0.03771638321727782,0.29604630279048116,0.1668813430038795
dmey,5,75.26293262465626,31.56099090439329,0.9904116248035724,0.0,0.0,0.0
haar,1,74.08148500456123,69.91100285166468,0.9946644598841148,0.778947168945879,0.9917338885941197,0.8853405287699994
haar,2,74.0830444005169,74.46521762874941,0.994693714221716,0.8714502094210476,0.9985558126607922,0.9350030110409199
haar,3,74.08378306175905,77.96890196497256,0.9946999073050116,0.9426153761577224,1.0,0.9713076880788611
haar,4,74.08324958419527,80.79412695798351,0.9946992305611866,1.0,0.9998421876765927,0.9999210938382963
rbio1.1,1,74.08148500456123,69.91100285166468,0.9946644598841148,0.778947168945879,0.9917338885941197,0.8853405287699994
rbio1.1,2,74.0830444005169,74.46521762874941,0.994693714221716,0.8714502094210476,0.9985558126607922,0.9350030110409199
rbio1.1,3,74.08378306175905,77.96890196497256,0.9946999073050116,0.9426153761577224,1.0,0.9713076880788611
rbio1.1,4,74.08324958419527,80.79412695798351,0.9946992305611866,1.0,0.9998421876765927,0.9999210938382963
rbio1.3,1,74.08616319242823,63.95885811542579,0.9945872299904298,0.6580500412520434,0.9737243722763276,0.8158872067641855
rbio1.3,2,74.0832085474596,66.31871328941477,0.9946428000429453,0.705982295078415,0.9866829524297553,0.8463326237540851
rbio1.3,3,74.08205951886069,68.24925206041345,0.9946664953793878,0.7451944786959138,0.9922085530483196,0.8687015158721167
rbio1.3,4,74.08579386180715,70.79468866720354,0.994681753328252,0.7968961741560484,0.9957666089504517,0.89633139155325
rbio1.3,5,74.08041804943367,73.425082757868,0.9946863362646904,0.8503234855465166,0.9968353203603946,0.9235794029534556
rbio1.5,1,74.08390617196609,62.43732933235183,0.9945317500862526,0.6271454736165838,0.9607868141377062,0.793966143877145
rbio1.5,2,74.08415239238013,64.34020008622205,0.9946013189681734,0.6657956776539408,0.97700983160389,0.8214027546289153
rbio1.5,3,74.08480898015094,66.30059608733727,0.9946421320234782,0.7056143071026382,0.9865271745707053,0.8460707408366717
rbio1.5,4,74.0822236658034,68.67163928373729,0.9946660894545218,0.7537738067091461,0.9921138939707502,0.8729438503399481
rbio1.5,5,74.08173122497529,70.87601593885383,0.9946716460310012,0.7985480549454775,0.9934096519991724,0.895978853472325
rbio2.2,1,74.05267721611709,52.20219149357001,0.9926856486934544,0.41925423086412367,0.5302877991640897,0.4747710150141067
rbio2.2,2,74.05965346118192,52.11142381372308,0.9926332915837296,0.4174106010017454,0.5180784566808762,0.4677445288413108
rbio2.2,3,74.09695585391086,51.54618618668143,0.992508374271005,0.40592976365621475,0.48894853982426817,0.44743915174024146
rbio2.2,4,74.11534031149345,51.35891535452705,0.9926373214695294,0.40212600774778473,0.5190182002258703,0.4605721039868275
rbio2.2,5,74.1042603928611,51.39146959516261,0.9928204855735862,0.4027872339715241,0.5617308955754068,0.4822590647734655
rbio2.4,1,74.06498823681972,56.458599601377145,0.9939052858772122,0.5057083641773873,0.8146993749752452,0.6602038695763163
rbio2.4,2,74.06823013893808,56.06799094484169,0.9938230541456902,0.497774507270318,0.7955234621256605,0.6466489846979893
rbio2.4,3,74.07545260441695,55.98138671188214,0.9938265502071152,0.4960154433572396,0.7963387212471968,0.6461770823022183
rbio2.4,4,74.10081330706436,56.04005831804269,0.9938907157771988,0.49720715306463437,0.811301721017399,0.6542544370410166
rbio2.4,5,74.10770747865783,56.26150355756223,0.9939830856374146,0.5017050432514081,0.832841780513192,0.6672734118823
rbio2.6,1,74.06585000826891,56.055738386480414,0.9938229534504528,0.49752563914321074,0.7954999806415612,0.646512809892386
rbio2.6,2,74.08238781274609,55.461172278631736,0.9936869312243513,0.48544909567050787,0.7637804691457842,0.624614782408146
rbio2.6,3,74.08431653932284,55.21426639329691,0.9936591154812764,0.4804340609778962,0.7572940161041456,0.6188640385410209
rbio2.6,4,74.0955606048979,55.21934293855088,0.9937351950305552,0.4805371733461281,0.7750352794778302,0.6277862264119791
rbio2.6,5,74.09687378043951,55.49529831995617,0.9938484742191516,0.48614224756087876,0.801451260364902,0.6437967539628904
rbio2.8,1,74.06539860417647,57.65107829918652,0.9941062312520698,0.5299294232728584,0.8615585487330744,0.6957439860029664
rbio2.8,2,74.0786945065353,57.20900875468476,0.994039416308395,0.5209503173304587,0.8459777320186085,0.6834640246745336
rbio2.8,3,74.07188240841319,57.1729029204191,0.9940529370139516,0.5202169528292342,0.8491306739136596,0.684673813371447
rbio2.8,4,74.08361891481636,57.4700748038392,0.994131344735776,0.5262529665232762,0.8674148522060462,0.6968339093646612
rbio2.8,5,74.08583489854283,58.10811092438146,0.9942370081583124,0.5392124521804107,0.8920548852497906,0.7156336687151006
rbio3.1,1,74.013117802926,47.8944226565026,0.9927598141828892,0.33175688289144095,0.5475827160474431,0.43966979946944207
rbio3.1,2,73.99370742695154,47.97653227674022,0.9927127424343888,0.3334246543725883,0.5366058859331527,0.4350152701528705
rbio3.1,3,73.98931649623425,48.13452993274127,0.9925922524777556,0.3366338274756194,0.5085084001465412,0.42257111381108026
rbio3.1,4,73.9999450107742,48.25105863873143,0.9925316969103032,0.33900070302592583,0.49438722985701083,0.41669396644146833
rbio3.1,5,74.00187373735095,48.36024490519036,0.9924831113512969,0.34121844244313637,0.48305738883323845,0.4121379156381874
rbio3.3,1,74.02235106845296,51.91467314690806,0.9925779668218038,0.4134142952088164,0.505177076721124,0.45929568596497017
rbio3.3,2,74.05756058766248,50.55987541057365,0.9921140635577016,0.38589628914762,0.3969978082269236,0.39144704868727176
rbio3.3,3,74.09986946214381,50.214177862377895,0.9920854781038432,0.3788746452730663,0.3903318635628706,0.38460325441796844
rbio3.3,4,74.12896450773768,50.14207620360143,0.9922488580394656,0.3774101507363383,0.4284310176105807,0.40292058417345955
rbio3.3,5,74.1482928102408,50.15376037834554,0.992464010164993,0.37764747412624783,0.47860311458766996,0.4281252943569589
rbio3.5,1,74.02247417865999,52.05252628957055,0.9926152512409028,0.41621430255574715,0.5138715643362685,0.4650429334460078
rbio3.5,2,74.06203359185109,50.80950906157201,0.9921826412791376,0.3909667289166127,0.4129896934194139,0.4019782111680133
rbio3.5,3,74.11570964211452,50.51214752135566,0.9921880335715304,0.38492686300409656,0.4142471414515842,0.3995870022278404
rbio3.5,4,74.12785651587444,50.48064981669013,0.9924320173591028,0.38428709663554267,0.4711425972641421,0.4277148469498424
rbio3.5,5,74.13967509574896,50.54089333044569,0.9927074493376594,0.38551073418099546,0.5353715696940552,0.46044115193752533
rbio3.7,1,74.01332298660438,52.10618132045615,0.9926361578708768,0.41730411797654826,0.5187468564764174,0.46802548722648285
rbio3.7,2,74.05735540398409,50.963077645183,0.992230195521148,0.3940859408117037,0.4240790379284235,0.40908248937006364
rbio3.7,3,74.12613297297608,50.68392350521489,0.9922453645475264,0.3884158949372291,0.4276163576766783,0.4080161263069537
rbio3.7,4,74.1416038223257,50.65295918755241,0.9925063136926658,0.3877869624713229,0.4884680261597676,0.4381274943155452
rbio3.7,5,74.13356062213333,50.714818959864544,0.9927981885986116,0.38904342869043185,0.5565313838904619,0.47278740629044685
rbio3.9,1,74.00971175386493,52.14359119583811,0.9926394122204512,0.4180639695395533,0.5195057499432739,0.4687848597414136
rbio3.9,2,74.05271825285277,51.09175272874412,0.9922555822965105,0.3966995277954997,0.42999907126436554,0.4133492995299326
rbio3.9,3,74.12309625453611,50.83892665873801,0.992278432328854,0.39156424513280463,0.43532755238376997,0.4134458987582873
rbio3.9,4,74.13791051611493,50.82008171322101,0.9925259949531005,0.3911814755790535,0.4930575699755042,0.44211952277727884
rbio3.9,5,74.12789755261012,50.90561282611557,0.9928050374023142,0.39291874278871214,0.5581284810267418,0.47552361190772696
rbio4.4,1,72.62566576974041,49.86757368426209,0.992278121972038,0.3718345863635846,0.435255179163041,0.4035448827633128
rbio4.4,2,72.72218417204897,49.87207202850895,0.992416067781772,0.3719259545884721,0.46742325803558127,0.4196746063120267
rbio4.4,3,73.04276315114528,49.90035732763288,0.9928384071009771,0.3725004721063719,0.5659100809217503,0.4692052765140611
rbio4.4,4,73.34930756664058,49.87510317060536,0.9933948176271424,0.3719875217023993,0.6956614501420727,0.533824485922236
rbio4.4,5,73.59807225830491,49.76917053203708,0.9938383090449078,0.3698358684245547,0.7990808068697368,0.5844583376471457
rbio5.5,1,75.20470149673287,49.77199689991092,0.9918516751501404,0.3698932762620477,0.33581051296987174,0.3528518946159597
rbio5.5,2,75.09570792677897,49.72718013715222,0.9921776133539812,0.36898297953201786,0.41181721349192685,0.3904000965119724
rbio5.5,3,74.84210090030494,49.70661199907219,0.9926101781991724,0.3685652093120253,0.5126885635128243,0.4406268864124248
rbio5.5,4,74.59181784942062,49.73832030169352,0.9930916382761706,0.3692092532459079,0.624961968270241,0.49708561075807445
rbio5.5,5,74.40263849795699,49.87171451439433,0.9934392794642342,0.3719186929321308,0.7060296656401894,0.5389741792861601
rbio6.8,1,72.62451674114149,49.86391923727712,0.9922133444990504,0.3717603589777648,0.42014948755669995,0.39595492326723236
rbio6.8,2,72.63411933728955,49.84455743533174,0.9922822580769028,0.3713670912825217,0.4362196923133381,0.40379339179792995
rbio6.8,3,72.93397476486977,49.872359469475576,0.9926536099528904,0.37193179295242096,0.5228165701689714,0.4473741815606962
rbio6.8,4,73.24642847030233,49.87115620367287,0.9932288715659868,0.3719073527907908,0.6569638920637709,0.5144356224272808
rbio6.8,5,73.5278173668286,49.81316056978109,0.99374292060634,0.3707293731100195,0.7768368342453098,0.5737831036776646
sym2,1,72.63834612106412,50.05139050452844,0.9923077518443358,0.37556818602837677,0.4421646755145236,0.4088664307714502
sym2,2,72.59829426704492,49.86726926403254,0.9922469632108352,0.3718284031249377,0.4279891557160324,0.3999087794204851
sym2,3,72.87081922866531,49.89383568872151,0.9925714552669408,0.3723680076843559,0.503658623853154,0.4380133157687549
sym2,4,73.16800726842662,49.89521372418498,0.9931249228156714,0.37239599768405784,0.6327237095943326,0.5025598536391952
sym2,5,73.47742425541921,49.841915841527495,0.9936542891514676,0.3713134364878857,0.7561685469198778,0.5637409917038817
sym3,1,75.13079433578145,49.77043142121094,0.991902211156807,0.3698614790046421,0.3475951858895409,0.3587283324470915
sym3,2,75.03513770492208,49.698657581441424,0.9922446016723324,0.3684036429713781,0.4274384600699419,0.39792105152066004
sym3,3,74.80200800955006,49.69103188299945,0.9926942593021308,0.36824875341825936,0.5322957379306046,0.45027224567443197
sym3,4,74.5489754973755,49.72641978710719,0.9931648080716156,0.368967535664209,0.6420246956955818,0.5054961156798954
sym3,5,74.37198405640746,49.86621885930047,0.9934843777611826,0.3718070678045363,0.7165462994984523,0.5441766836514943
sym4,1,75.03017225990534,49.56619659238877,0.9915766153734914,0.3657131584792168,0.2716683356397458,0.3186907470594813
sym4,2,75.22608163601974,49.58860786230262,0.9917206964901016,0.36616836551476806,0.305267128760741,0.33571774713775454
sym4,3,75.12271009885339,49.57230871504486,0.9920745156928404,0.3658373050021894,0.38777549956421703,0.3768064022832032
sym4,4,74.90665168552236,49.54668191972984,0.9925708074492676,0.3653167857468829,0.5035075569229892,0.43441217133493604
sym4,5,74.6519366671851,49.53782125744237,0.993098940856362,0.3651368121965929,0.626664883175888,0.49590084768624043
sym5,1,72.90914753978615,50.39709653225167,0.9923086249479944,0.38259000213505195,0.44236827769285514,0.4124791399139536
sym5,2,72.6837737874568,50.31972621937531,0.9921950039917368,0.38101849320675324,0.41587259877722105,0.3984455459919871
sym5,3,72.86068315495349,50.341559676369954,0.9923918995375456,0.3814619639816167,0.4617873783521993,0.421624671166908
sym5,4,73.10899644252538,50.37715025133223,0.9928420034356176,0.38218486278139124,0.5667487231145663,0.4744667929479788
sym5,5,73.38262939600901,50.35065814285834,0.9934126865575788,0.38164676769752226,0.6998283702156263,0.5407375689565743
sym6,1,75.08352001628337,49.74454358824936,0.9915804693410282,0.36933565767704274,0.27256705617307764,0.32095135692506016
sym6,2,75.2717144860908,49.73703441326904,0.9916982274089567,0.369183134892954,0.3000274830197357,0.3346053089563449
sym6,3,75.13994552783706,49.71203062444635,0.9920469918514544,0.3686752698486579,0.38135711612590384,0.37501619298728084
sym6,4,74.90492814262399,49.69066899215542,0.9925343353186802,0.3682413825523525,0.4950024897835928,0.4316219361679726
sym6,5,74.64151333632354,49.69706040663788,0.9930880180385752,0.36837120191782013,0.6241177520614754,0.49624447698964774
sym7,1,73.1663657989996,49.78779691245709,0.9921605004868124,0.3702141985882017,0.40782660252748254,0.38902040055784215
sym7,2,72.84451468109737,49.77097805377704,0.99209295276957,0.3698725819448552,0.39207490771266845,0.38097374482876184
sym7,3,72.90914753978615,49.76733611449659,0.9922958735629506,0.3697986086095696,0.43939473641156507,0.4045966725105673
sym7,4,73.13148457367551,49.7935702114948,0.9927267520036328,0.3703314630872868,0.5398728277074692,0.45510214539737803
sym7,5,73.3914933309149,49.85413537203876,0.993284219776216,0.37156163376904133,0.6698707400175956,0.5207161868933184
sym8,1,73.4747568676003,49.92108532988466,0.9920229786296962,0.3729214894112459,0.37575738668874625,0.3743394380499961
sym8,2,73.50208733356013,49.94279423893482,0.9924846955077712,0.37336243042760797,0.4834268039717702,0.4283946171996891
sym8,3,73.6354567245052,49.92623243720049,0.9930610317940728,0.37302603500245557,0.617824732771512,0.49542538388698376
sym8,4,73.78675916894043,49.88648833795948,0.9936240811987852,0.37221877179667984,0.7491242459270576,0.5606715088618688
sym8,5,73.88709398766682,49.76366087134098,0.9939491425951048,0.36972395882184117,0.824926480553743,0.5973252196877921
sym9,1,74.11579171558587,47.44644438513314,0.99375744779186,0.3226577617044048,0.7802244808183166,0.5514411212613607
sym9,2,74.1154223849648,47.25819655659975,0.9942597760619036,0.31883416151106175,0.8973642144704274,0.6080991879907446
sym9,3,74.10331654794055,47.247611373779975,0.9943951684118608,0.3186191603214513,0.9289368428855905,0.6237780016035209
sym9,4,74.10376795203298,47.28275971719022,0.9944813565792592,0.31933307672466366,0.9490353712286823,0.634184223976673
sym9,5,74.1033986214119,47.30544749494932,0.9945140219640471,0.31979390005581215,0.9566527296412877,0.6382233148485499
sym10,1,75.04112906833068,49.05053547586863,0.9918023075887566,0.35523929559226103,0.3242983140027628,0.3397688047975119
sym10,2,75.0531117951479,48.94453644652648,0.992036304417905,0.35308629381665263,0.3788648751073176,0.3659755844619851
sym10,3,74.89901885268674,48.86595639680214,0.9923972150986168,0.35149021328993574,0.4630269331318602,0.407258573210898
sym10,4,74.70807492158906,48.88753427228615,0.9928216194754326,0.35192849281493954,0.5619953142199426,0.4569619035174411
sym10,5,74.51376597816599,49.03239744190499,0.993212740036364,0.35487088448913945,0.6532021227266385,0.504036503607889
sym11,1,75.13678569919006,49.700487885933015,0.9916803416784292,0.3684408192440738,0.2958566452725677,0.33214873225832076
sym11,2,75.17564748787467,49.59061815733772,0.9918836339931532,0.36620919766961835,0.34326311036802437,0.35473615401882136
sym11,3,74.99475755701746,49.52352227574925,0.9922498889688326,0.36484637809388715,0.4286714237327612,0.39675890091332416
sym11,4,74.75978120854008,49.52715125734525,0.9927416058427596,0.36492008823886046,0.5433366478083651,0.4541283680236128
sym11,5,74.52468174985565,49.62294353274556,0.9931984034367496,0.3668657752919061,0.649858919565571,0.5083623474287385
sym12,1,75.10847035157403,49.13158037055111,0.9918320448112344,0.35688544087527263,0.3312328437283133,0.34405914230179296
sym12,2,75.0577899830149,49.08038131030384,0.9920961797878298,0.35584550995981074,0.3928274276921124,0.37433646882596155
sym12,3,74.87772078687121,49.040418265359634,0.9924773547800202,0.355033799633239,0.4817149932996586,0.4183743964664488
sym12,4,74.6711418594812,49.096955588775074,0.9929250866588332,0.35618215880649784,0.5861231983707353,0.4711526785886166
sym12,5,74.47158021389167,49.26179548933804,0.9932929398873436,0.3595303083207506,0.6719042140540421,0.5157172611873964
sym13,1,72.65143683974458,49.98285580985144,0.9923292506010872,0.3741761419667838,0.44717804782480797,0.41067709489579585
sym13,2,72.7273137640084,49.95984613797507,0.9924769956798724,0.3737087804757074,0.4816312534462979,0.42767001696100265
sym13,3,73.06003961686463,49.97550920032209,0.9929006204379972,0.3740269211346727,0.5804178324514541,0.47722237679306334
sym13,4,73.36326005677022,49.92234274834202,0.9934452619996356,0.3729470294957936,0.7074247545596806,0.5401858920277371
sym13,5,73.60332496047135,49.77734492350413,0.993880299046961,0.37000190276894734,0.8088726062763968,0.589437254522672
sym14,1,72.61380615313023,49.62575610571672,0.9922852114340956,0.3669229029339092,0.4369083962855722,0.4019156496097407
sym14,2,72.65377593367806,49.66530094615247,0.992390017841785,0.367726118889779,0.4613485789587568,0.4145373489242679
sym14,3,72.99167241522939,49.70540628675671,0.992793343214661,0.3685407194579936,0.5554014714024207,0.46197109543020715
sym14,4,73.29957104300199,49.70274831697589,0.993359711078444,0.3684867320423245,0.6874748279485384,0.5279807799954315
sym14,5,73.56741781675538,49.63184904093509,0.9938295360653144,0.3670466597307896,0.7970350042458666,0.5820408319883281
sym15,1,72.63990551701977,50.23791180864835,0.9923441552134984,0.37935671788051956,0.4506537079302599,0.4150052129053897
sym15,2,72.665922807438,50.206234038711855,0.9924118720614672,0.3787132941119826,0.4664448429466855,0.422579068529334
sym15,3,72.98129012110351,50.23686225614426,0.9927947851656432,0.3793353998701669,0.5557377251314601,0.46753656250081355
sym15,4,73.2877114263918,50.1821970953979,0.9933394180188828,0.3782250671729595,0.6827426164968947,0.5304838418349271
sym15,5,73.54201607737231,50.01797000699401,0.9937999089529284,0.3748893648072778,0.7901261514881172,0.5825077581476975
sym16,1,72.60420355698217,49.77499584936707,0.9922742680964972,0.36995418949440595,0.43435648008257904,0.4021553347884925
sym16,2,72.61372407965887,49.808249388323695,0.9923495824042348,0.370629619532428,0.4519192940325169,0.41127445678247243
sym16,3,72.94513675697347,49.85016896611812,0.99273341111107,0.3714810700219681,0.5414256888902413,0.45645337945610476
sym16,4,73.25488203785146,49.8385135824373,0.993301006266904,0.37124433142241736,0.6737852420781298,0.5225147867502736
sym16,5,73.53458842821506,49.75011664235028,0.993788744827692,0.3694488548963882,0.7875227490227623,0.5784858019595752
sym17,1,75.25275551420877,49.78275736586326,0.9916520552746718,0.37011183771912476,0.289260437175757,0.3296861374474409
sym17,2,75.25562808570604,49.7518413955068,0.9918530653077988,0.369483887260661,0.3361346888276809,0.35280928804417094
sym17,3,75.06780294651969,49.70849020797941,0.9922136821561972,0.3686033585963849,0.42022822703962465,0.39441579281800476
sym17,4,74.80840974031543,49.697366651058246,0.9927129292237428,0.36837742220856157,0.5366494440135547,0.4525134331110582
sym17,5,74.54721091774145,49.741945705639786,0.9931772601855632,0.36928289072336457,0.6449284488749599,0.5071056697991623
sym18,1,75.20991316216363,49.79311124511053,0.9916397134034372,0.3703221407807863,0.28638239189060505,0.3283522663356957
sym18,2,75.27011405339947,49.7396782031378,0.9918057154334028,0.369236834293006,0.3250930015367576,0.3471649179148818
sym18,3,75.08499733876769,49.69604073466316,0.9921601255806548,0.3683504908265418,0.40773917681393934,0.3880448338202406
sym18,4,74.83233415721419,49.68875914955874,0.9926547968573336,0.36820259073956607,0.5230933486794299,0.445647969709498
sym18,5,74.57491071432236,49.74554868151539,0.9931493510635818,0.36935607265253684,0.6384202204706989,0.5038881465616178
sym19,1,75.1836086145957,49.71759702759543,0.9919405735070852,0.3687883319770387,0.3565410401482877,0.3626646860626632
sym19,2,75.05212691349169,49.67882104172811,0.9922720555523552,0.36800073262880484,0.43384052896665604,0.40092063079773044
sym19,3,74.800120319709,49.674457069504506,0.992717611242538,0.36791209370442557,0.5377412607942006,0.4528266772493131
sym19,4,74.5573059547176,49.73621334925324,0.99317301002762,0.3691664578319009,0.6439373392776525,0.5065518985547767
sym19,5,74.37317412174205,49.92310142630845,0.9935195286327516,0.37296243940113877,0.7247432575013885,0.5488528484512636
sym20,1,72.6208644716664,49.81269577901658,0.99233638912987,0.37071993250148294,0.44884270699321904,0.409781319747351
sym20,2,72.68205024455843,49.84903442705497,0.9924619863062808,0.37145802580512366,0.47813116370488756,0.4247945947550056
sym20,3,73.01637653010599,49.884377912055285,0.9928775610204648,0.3721759058313289,0.5750405240477502,0.47360821493953953
sym20,4,73.3304306682299,49.84758803588343,0.9934228513828224,0.37142864739685083,0.7021987423261901,0.5368136948615204
sym20,5,73.5874027070293,49.720288276550335,0.9938746877157388,0.36884299534343434,0.8075640797928364,0.5882035375681354
